{
  "SearchSkill" : {
    "transaction" : "SearchSkill",
    "sampleCount" : 15,
    "errorCount" : 0,
    "errorPct" : 0.0,
    "meanResTime" : 5.000000000000001,
    "medianResTime" : 5.0,
    "minResTime" : 3.0,
    "maxResTime" : 13.0,
    "pct1ResTime" : 8.800000000000002,
    "pct2ResTime" : 13.0,
    "pct3ResTime" : 13.0,
    "throughput" : 0.9796238244514106,
    "receivedKBytesPerSec" : 2.0883972741967085,
    "sentKBytesPerSec" : 0.27137365709900735
  },
  "Total" : {
    "transaction" : "Total",
    "sampleCount" : 45,
    "errorCount" : 1,
    "errorPct" : 2.2222223,
    "meanResTime" : 11.44444444444444,
    "medianResTime" : 5.0,
    "minResTime" : 2.0,
    "maxResTime" : 306.0,
    "pct1ResTime" : 8.0,
    "pct2ResTime" : 11.499999999999979,
    "pct3ResTime" : 306.0,
    "throughput" : 2.5316455696202533,
    "receivedKBytesPerSec" : 5.151470200421941,
    "sentKBytesPerSec" : 0.5568191807313643
  },
  "Logout" : {
    "transaction" : "Logout",
    "sampleCount" : 15,
    "errorCount" : 0,
    "errorPct" : 0.0,
    "meanResTime" : 4.2,
    "medianResTime" : 4.0,
    "minResTime" : 2.0,
    "maxResTime" : 8.0,
    "pct1ResTime" : 7.4,
    "pct2ResTime" : 8.0,
    "pct3ResTime" : 8.0,
    "throughput" : 0.9801359121798222,
    "receivedKBytesPerSec" : 1.9344283969877156,
    "sentKBytesPerSec" : 0.12251698902247778
  },
  "LoginPage" : {
    "transaction" : "LoginPage",
    "sampleCount" : 15,
    "errorCount" : 1,
    "errorPct" : 6.6666665,
    "meanResTime" : 25.133333333333336,
    "medianResTime" : 5.0,
    "minResTime" : 3.0,
    "maxResTime" : 306.0,
    "pct1ResTime" : 127.2000000000001,
    "pct2ResTime" : 306.0,
    "pct3ResTime" : 306.0,
    "throughput" : 0.9518974489148369,
    "receivedKBytesPerSec" : 1.902865310477218,
    "sentKBytesPerSec" : 0.24541106104835642
  }
}